metric,year,value,unit,formula,inputs,kind,limits
revenue,2023,5898.36284,SAR million,raw value / 1000,03_RAW_DATA!C8,workbook source,
cogs,2023,3566.638564,SAR million,raw value / 1000,03_RAW_DATA!C9,workbook source,
gross_profit,2023,2331.724276,SAR million,raw value / 1000,03_RAW_DATA!C10,workbook formula,
opex_ex_DA_impairment,2023,855.249012,SAR million,raw value / 1000,03_RAW_DATA!C15,workbook formula,
depreciation_amortization,2023,119.9729,SAR million,raw value / 1000,03_RAW_DATA!C16,workbook source,
impairment,2023,5.918692,SAR million,raw value / 1000,03_RAW_DATA!C17,workbook source,
ebit,2023,1350.583672,SAR million,raw value / 1000,03_RAW_DATA!C18,workbook formula,
finance_cost,2023,5.861229000000001,SAR million,raw value / 1000,03_RAW_DATA!C19,workbook source,
murabaha_income,2023,127.85608500000001,SAR million,raw value / 1000,03_RAW_DATA!C20,workbook source,
zakat,2023,117.057649,SAR million,raw value / 1000,03_RAW_DATA!C26,workbook source,
net_income,2023,1356.1947539999999,SAR million,raw value / 1000,03_RAW_DATA!C27,workbook formula,
cash_equivalents,2023,384.394607,SAR million,raw value / 1000,03_RAW_DATA!C35,workbook source,
murabaha_deposits,2023,3056.113638,SAR million,raw value / 1000,03_RAW_DATA!C36,workbook source,
net_receivables,2023,2322.353701,SAR million,raw value / 1000,03_RAW_DATA!C37,workbook source,
net_contract_assets,2023,847.625684,SAR million,raw value / 1000,03_RAW_DATA!C38,workbook source,
current_assets,2023,7002.162096,SAR million,raw value / 1000,03_RAW_DATA!C44,workbook formula,
total_assets,2023,8097.212638,SAR million,raw value / 1000,03_RAW_DATA!C55,workbook formula,
payables_and_other_current_liabilities,2023,2805.055424,SAR million,raw value / 1000,03_RAW_DATA!C57,workbook source,
current_borrowing,2023,0.0,SAR million,raw value / 1000,03_RAW_DATA!C58,workbook source,
contract_liabilities,2023,503.70739000000003,SAR million,raw value / 1000,03_RAW_DATA!C59,workbook source,
current_lease,2023,11.988772,SAR million,raw value / 1000,03_RAW_DATA!C61,workbook source,
current_liabilities,2023,3529.7609680000005,SAR million,raw value / 1000,03_RAW_DATA!C64,workbook formula,
noncurrent_borrowing,2023,0.0,SAR million,raw value / 1000,03_RAW_DATA!C65,workbook source,
noncurrent_lease,2023,212.09068900000003,SAR million,raw value / 1000,03_RAW_DATA!C66,workbook source,
total_liabilities,2023,4102.540784000001,SAR million,raw value / 1000,03_RAW_DATA!C70,workbook formula,
total_equity,2023,3994.6718539999997,SAR million,raw value / 1000,03_RAW_DATA!C79,workbook formula,
cfo,2023,1558.622748,SAR million,raw value / 1000,03_RAW_DATA!C86,workbook source,
cfi,2023,-1230.5673940000001,SAR million,raw value / 1000,03_RAW_DATA!C87,workbook source,
cff,2023,-532.340138,SAR million,raw value / 1000,03_RAW_DATA!C88,workbook source,
gross_margin,2023,0.39531719889921185,ratio,gross_profit / revenue,"03_RAW_DATA!C10, 03_RAW_DATA!C8",calculated,
ebit_margin,2023,0.22897602413350346,ratio,ebit / revenue,"03_RAW_DATA!C18, 03_RAW_DATA!C8",calculated,
net_margin,2023,0.22992731895076157,ratio,net_income / revenue,"03_RAW_DATA!C27, 03_RAW_DATA!C8",calculated,
cfo_net_income,2023,1.1492617438630794,ratio,cfo / net_income,"03_RAW_DATA!C86, 03_RAW_DATA!C27",calculated,
current_ratio,2023,1.9837496531578167,times,current_assets / current_liabilities,"03_RAW_DATA!C44, 03_RAW_DATA!C64",calculated,
quick_ratio_workbook,2023,1.7436128020553259,times,(CA - contract assets)/CL,"03_RAW_DATA!C44, 03_RAW_DATA!C38, 03_RAW_DATA!C64",calculated,
cash_ratio_strict,2023,0.10890103054706336,times,cash equivalents / CL,"03_RAW_DATA!C35, 03_RAW_DATA!C64",calculated,
cash_deposits_ratio,2023,0.9747142302809892,times,(cash equivalents + murabaha)/CL,"03_RAW_DATA!C35, 03_RAW_DATA!C36, 03_RAW_DATA!C64",calculated,"Includes full balance-sheet murabaha deposits. Analytical definition only, not confirmed immediately available funds, distributable surplus, or a covenant measure. Deposit maturities/restrictions and operating cash needs not fully reviewed."
bank_borrowing_equity,2023,0.0,times,borrowing / equity,"03_RAW_DATA!C58, 03_RAW_DATA!C65, 03_RAW_DATA!C79",calculated,
borrowing_lease_equity,2023,0.05609458528505207,times,(borrowing+lease)/equity,"03_RAW_DATA!C58, 03_RAW_DATA!C65, 03_RAW_DATA!C61, 03_RAW_DATA!C66, 03_RAW_DATA!C79",calculated,
liabilities_assets,2023,0.506660868055618,ratio,total liabilities / assets,"03_RAW_DATA!C70, 03_RAW_DATA!C55",calculated,
interest_cover,2023,230.42670265911804,times,EBIT / finance costs,"03_RAW_DATA!C18, 03_RAW_DATA!C19",calculated,
dso_closing_net_total_sales,2023,143.71091163069244,days,365 * closing net AR / annual total revenue,"03_RAW_DATA!C37, 03_RAW_DATA!C8",calculated,
contract_asset_days_closing,2023,52.4524148568656,days,365 * net contract assets / annual total revenue,"03_RAW_DATA!C38, 03_RAW_DATA!C8",calculated,
ar_contract_days_closing,2023,196.16332648755807,days,365 * (net AR + net contract assets) / annual total revenue,"03_RAW_DATA!C37, 03_RAW_DATA!C38, 03_RAW_DATA!C8",calculated,
dpo_broad_invalid,2023,287.0616720444343,days,365 * closing broad payables / COGS,"03_RAW_DATA!C57, 03_RAW_DATA!C9",calculated,
roe_closing,2023,0.3395009161120447,ratio,NI / closing equity,"03_RAW_DATA!C27, 03_RAW_DATA!C79",calculated,
roa_closing,2023,0.16748908724903858,ratio,NI / closing assets,"03_RAW_DATA!C27, 03_RAW_DATA!C55",calculated,
cash_deposits,2023,3440.508245,SAR million,cash+murabaha,"03_RAW_DATA!C35, 03_RAW_DATA!C36",calculated,"Includes full balance-sheet murabaha deposits. Analytical definition only, not confirmed immediately available funds, distributable surplus, or a covenant measure. Deposit maturities/restrictions and operating cash needs not fully reviewed."
net_cash_exleases,2023,3440.508245,SAR million,cash+murabaha-borrowing,"03_RAW_DATA!C35, 03_RAW_DATA!C36, 03_RAW_DATA!C58, 03_RAW_DATA!C65",calculated,"Includes full balance-sheet murabaha deposits. Analytical definition only, not confirmed immediately available funds, distributable surplus, or a covenant measure. Deposit maturities/restrictions and operating cash needs not fully reviewed."
net_cash_incleases,2023,3216.4287839999997,SAR million,cash+murabaha-borrowing-leases,"03_RAW_DATA!C35, 03_RAW_DATA!C36, 03_RAW_DATA!C58, 03_RAW_DATA!C65, 03_RAW_DATA!C61, 03_RAW_DATA!C66",calculated,"Includes full balance-sheet murabaha deposits. Analytical definition only, not confirmed immediately available funds, distributable surplus, or a covenant measure. Deposit maturities/restrictions and operating cash needs not fully reviewed."
net_working_capital,2023,3472.4011279999995,SAR million,CA-CL,"03_RAW_DATA!C44, 03_RAW_DATA!C64",calculated,
revenue_1day,2023,16.159898191780822,SAR million,revenue/365,03_RAW_DATA!C8,calculated,
revenue,2024,7406.7944019999995,SAR million,raw value / 1000,03_RAW_DATA!D8,workbook source,
cogs,2024,4375.702533,SAR million,raw value / 1000,03_RAW_DATA!D9,workbook source,
gross_profit,2024,3031.091869,SAR million,raw value / 1000,03_RAW_DATA!D10,workbook formula,
opex_ex_DA_impairment,2024,1110.457387,SAR million,raw value / 1000,03_RAW_DATA!D15,workbook formula,
depreciation_amortization,2024,198.838582,SAR million,raw value / 1000,03_RAW_DATA!D16,workbook source,
impairment,2024,21.343476,SAR million,raw value / 1000,03_RAW_DATA!D17,workbook source,
ebit,2024,1700.452424,SAR million,raw value / 1000,03_RAW_DATA!D18,workbook formula,
finance_cost,2024,28.44726,SAR million,raw value / 1000,03_RAW_DATA!D19,workbook source,
murabaha_income,2024,145.475642,SAR million,raw value / 1000,03_RAW_DATA!D20,workbook source,
zakat,2024,127.019914,SAR million,raw value / 1000,03_RAW_DATA!D26,workbook source,
net_income,2024,1826.8484680000001,SAR million,raw value / 1000,03_RAW_DATA!D27,workbook formula,
cash_equivalents,2024,2250.797179,SAR million,raw value / 1000,03_RAW_DATA!D35,workbook source,
murabaha_deposits,2024,1426.071,SAR million,raw value / 1000,03_RAW_DATA!D36,workbook source,
net_receivables,2024,2895.222777,SAR million,raw value / 1000,03_RAW_DATA!D37,workbook source,
net_contract_assets,2024,641.667693,SAR million,raw value / 1000,03_RAW_DATA!D38,workbook source,
current_assets,2024,8026.503329,SAR million,raw value / 1000,03_RAW_DATA!D44,workbook formula,
total_assets,2024,9554.055011,SAR million,raw value / 1000,03_RAW_DATA!D55,workbook formula,
payables_and_other_current_liabilities,2024,2479.580023,SAR million,raw value / 1000,03_RAW_DATA!D57,workbook source,
current_borrowing,2024,0.0,SAR million,raw value / 1000,03_RAW_DATA!D58,workbook source,
contract_liabilities,2024,609.8063149999999,SAR million,raw value / 1000,03_RAW_DATA!D59,workbook source,
current_lease,2024,85.001803,SAR million,raw value / 1000,03_RAW_DATA!D61,workbook source,
current_liabilities,2024,3392.5606660000003,SAR million,raw value / 1000,03_RAW_DATA!D64,workbook formula,
noncurrent_borrowing,2024,0.0,SAR million,raw value / 1000,03_RAW_DATA!D65,workbook source,
noncurrent_lease,2024,481.01308,SAR million,raw value / 1000,03_RAW_DATA!D66,workbook source,
total_liabilities,2024,4260.809435,SAR million,raw value / 1000,03_RAW_DATA!D70,workbook formula,
total_equity,2024,5293.245576,SAR million,raw value / 1000,03_RAW_DATA!D79,workbook formula,
cfo,2024,1659.338913,SAR million,raw value / 1000,03_RAW_DATA!D86,workbook source,
cfi,2024,904.084074,SAR million,raw value / 1000,03_RAW_DATA!D87,workbook source,
cff,2024,-697.0195500000001,SAR million,raw value / 1000,03_RAW_DATA!D88,workbook source,
gross_margin,2024,0.40923126854736747,ratio,gross_profit / revenue,"03_RAW_DATA!D10, 03_RAW_DATA!D8",calculated,
ebit_margin,2024,0.22958007630680824,ratio,ebit / revenue,"03_RAW_DATA!D18, 03_RAW_DATA!D8",calculated,
net_margin,2024,0.24664495446325746,ratio,net_income / revenue,"03_RAW_DATA!D27, 03_RAW_DATA!D8",calculated,
cfo_net_income,2024,0.9083068147500014,ratio,cfo / net_income,"03_RAW_DATA!D86, 03_RAW_DATA!D27",calculated,
current_ratio,2024,2.365912984089287,times,current_assets / current_liabilities,"03_RAW_DATA!D44, 03_RAW_DATA!D64",calculated,
quick_ratio_workbook,2024,2.1767733470502955,times,(CA - contract assets)/CL,"03_RAW_DATA!D44, 03_RAW_DATA!D38, 03_RAW_DATA!D64",calculated,
cash_ratio_strict,2024,0.6634508268510356,times,cash equivalents / CL,"03_RAW_DATA!D35, 03_RAW_DATA!D64",calculated,
cash_deposits_ratio,2024,1.083803221516216,times,(cash equivalents + murabaha)/CL,"03_RAW_DATA!D35, 03_RAW_DATA!D36, 03_RAW_DATA!D64",calculated,"Includes full balance-sheet murabaha deposits. Analytical definition only, not confirmed immediately available funds, distributable surplus, or a covenant measure. Deposit maturities/restrictions and operating cash needs not fully reviewed."
bank_borrowing_equity,2024,0.0,times,borrowing / equity,"03_RAW_DATA!D58, 03_RAW_DATA!D65, 03_RAW_DATA!D79",calculated,
borrowing_lease_equity,2024,0.10693153659190817,times,(borrowing+lease)/equity,"03_RAW_DATA!D58, 03_RAW_DATA!D65, 03_RAW_DATA!D61, 03_RAW_DATA!D66, 03_RAW_DATA!D79",calculated,
liabilities_assets,2024,0.44596869393093763,ratio,total liabilities / assets,"03_RAW_DATA!D70, 03_RAW_DATA!D55",calculated,
interest_cover,2024,59.775613679489695,times,EBIT / finance costs,"03_RAW_DATA!D18, 03_RAW_DATA!D19",calculated,
dso_closing_net_total_sales,2024,142.67390942020103,days,365 * closing net AR / annual total revenue,"03_RAW_DATA!D37, 03_RAW_DATA!D8",calculated,
contract_asset_days_closing,2024,31.620792374331117,days,365 * net contract assets / annual total revenue,"03_RAW_DATA!D38, 03_RAW_DATA!D8",calculated,
ar_contract_days_closing,2024,174.29470179453213,days,365 * (net AR + net contract assets) / annual total revenue,"03_RAW_DATA!D37, 03_RAW_DATA!D38, 03_RAW_DATA!D8",calculated,
dpo_broad_invalid,2024,206.83460577346335,days,365 * closing broad payables / COGS,"03_RAW_DATA!D57, 03_RAW_DATA!D9",calculated,
roe_closing,2024,0.34512822837524815,ratio,NI / closing equity,"03_RAW_DATA!D27, 03_RAW_DATA!D79",calculated,
roa_closing,2024,0.19121184312804038,ratio,NI / closing assets,"03_RAW_DATA!D27, 03_RAW_DATA!D55",calculated,
cash_deposits,2024,3676.868179,SAR million,cash+murabaha,"03_RAW_DATA!D35, 03_RAW_DATA!D36",calculated,"Includes full balance-sheet murabaha deposits. Analytical definition only, not confirmed immediately available funds, distributable surplus, or a covenant measure. Deposit maturities/restrictions and operating cash needs not fully reviewed."
net_cash_exleases,2024,3676.868179,SAR million,cash+murabaha-borrowing,"03_RAW_DATA!D35, 03_RAW_DATA!D36, 03_RAW_DATA!D58, 03_RAW_DATA!D65",calculated,"Includes full balance-sheet murabaha deposits. Analytical definition only, not confirmed immediately available funds, distributable surplus, or a covenant measure. Deposit maturities/restrictions and operating cash needs not fully reviewed."
net_cash_incleases,2024,3110.853296,SAR million,cash+murabaha-borrowing-leases,"03_RAW_DATA!D35, 03_RAW_DATA!D36, 03_RAW_DATA!D58, 03_RAW_DATA!D65, 03_RAW_DATA!D61, 03_RAW_DATA!D66",calculated,"Includes full balance-sheet murabaha deposits. Analytical definition only, not confirmed immediately available funds, distributable surplus, or a covenant measure. Deposit maturities/restrictions and operating cash needs not fully reviewed."
net_working_capital,2024,4633.942663,SAR million,CA-CL,"03_RAW_DATA!D44, 03_RAW_DATA!D64",calculated,
revenue_1day,2024,20.292587402739724,SAR million,revenue/365,03_RAW_DATA!D8,calculated,
revenue_growth,2024,0.2557373296485774,ratio,current / prior - 1,"03_RAW_DATA!C8, 03_RAW_DATA!D8",calculated,
cogs_growth,2024,0.22684215248674677,ratio,current / prior - 1,"03_RAW_DATA!C9, 03_RAW_DATA!D9",calculated,
gross_profit_growth,2024,0.2999358029585484,ratio,current / prior - 1,"03_RAW_DATA!C10, 03_RAW_DATA!D10",calculated,
opex_ex_DA_impairment_growth,2024,0.298402420136324,ratio,current / prior - 1,"03_RAW_DATA!C15, 03_RAW_DATA!D15",calculated,
depreciation_amortization_growth,2024,0.6573624710247066,ratio,current / prior - 1,"03_RAW_DATA!C16, 03_RAW_DATA!D16",calculated,
impairment_growth,2024,2.606113648083056,ratio,current / prior - 1,"03_RAW_DATA!C17, 03_RAW_DATA!D17",calculated,
ebit_growth,2024,0.25905003833039086,ratio,current / prior - 1,"03_RAW_DATA!C18, 03_RAW_DATA!D18",calculated,
finance_cost_growth,2024,3.8534633265480664,ratio,current / prior - 1,"03_RAW_DATA!C19, 03_RAW_DATA!D19",calculated,
murabaha_income_growth,2024,0.13780773124720636,ratio,current / prior - 1,"03_RAW_DATA!C20, 03_RAW_DATA!D20",calculated,
zakat_growth,2024,0.08510563030357798,ratio,current / prior - 1,"03_RAW_DATA!C26, 03_RAW_DATA!D26",calculated,
net_income_growth,2024,0.34703991636292697,ratio,current / prior - 1,"03_RAW_DATA!C27, 03_RAW_DATA!D27",calculated,
cash_equivalents_growth,2024,4.855433812056578,ratio,current / prior - 1,"03_RAW_DATA!C35, 03_RAW_DATA!D35",calculated,
murabaha_deposits_growth,2024,-0.5333710820605291,ratio,current / prior - 1,"03_RAW_DATA!C36, 03_RAW_DATA!D36",calculated,
net_receivables_growth,2024,0.24667606650671847,ratio,current / prior - 1,"03_RAW_DATA!C37, 03_RAW_DATA!D37",calculated,
net_contract_assets_growth,2024,-0.24298224427092752,ratio,current / prior - 1,"03_RAW_DATA!C38, 03_RAW_DATA!D38",calculated,
current_assets_growth,2024,0.14628927736265296,ratio,current / prior - 1,"03_RAW_DATA!C44, 03_RAW_DATA!D44",calculated,
total_assets_growth,2024,0.1799189965894039,ratio,current / prior - 1,"03_RAW_DATA!C55, 03_RAW_DATA!D55",calculated,
payables_and_other_current_liabilities_growth,2024,-0.1160317183807631,ratio,current / prior - 1,"03_RAW_DATA!C57, 03_RAW_DATA!D57",calculated,
contract_liabilities_growth,2024,0.21063603017617005,ratio,current / prior - 1,"03_RAW_DATA!C59, 03_RAW_DATA!D59",calculated,
current_lease_growth,2024,6.090117570006335,ratio,current / prior - 1,"03_RAW_DATA!C61, 03_RAW_DATA!D61",calculated,
current_liabilities_growth,2024,-0.03886957310815842,ratio,current / prior - 1,"03_RAW_DATA!C64, 03_RAW_DATA!D64",calculated,
noncurrent_lease_growth,2024,1.2679594388040294,ratio,current / prior - 1,"03_RAW_DATA!C66, 03_RAW_DATA!D66",calculated,
total_liabilities_growth,2024,0.038578202955897645,ratio,current / prior - 1,"03_RAW_DATA!C70, 03_RAW_DATA!D70",calculated,
total_equity_growth,2024,0.32507644418895,ratio,current / prior - 1,"03_RAW_DATA!C79, 03_RAW_DATA!D79",calculated,
cfo_growth,2024,0.06461869309249946,ratio,current / prior - 1,"03_RAW_DATA!C86, 03_RAW_DATA!D86",calculated,
cfi_growth,2024,-1.7346887934851294,ratio,current / prior - 1,"03_RAW_DATA!C87, 03_RAW_DATA!D87",calculated,
cff_growth,2024,0.30934998179678885,ratio,current / prior - 1,"03_RAW_DATA!C88, 03_RAW_DATA!D88",calculated,
roe_average,2024,0.3933817202334884,ratio,"NI / mean(opening,closing equity)","03_RAW_DATA!D27, 03_RAW_DATA!D79, 03_RAW_DATA!C79",calculated,Acquisition timing and equity distributions distort simple annual mean
roa_average,2024,0.2069934584107331,ratio,"NI / mean(opening,closing assets)","03_RAW_DATA!D27, 03_RAW_DATA!D55, 03_RAW_DATA!C55",calculated,
dso_average_net_total_sales,2024,128.55867944409025,days,"365 * mean(opening,closing net AR) / revenue","03_RAW_DATA!D37, 03_RAW_DATA!D8, 03_RAW_DATA!C37",calculated,total not credit revenue; net not gross AR; FY25 acquired AR not timing-adjusted
revenue,2025,9464.884988,SAR million,raw value / 1000,03_RAW_DATA!E8,workbook source,
cogs,2025,5787.33279,SAR million,raw value / 1000,03_RAW_DATA!E9,workbook source,
gross_profit,2025,3677.552198,SAR million,raw value / 1000,03_RAW_DATA!E10,workbook formula,
opex_ex_DA_impairment,2025,1362.970258,SAR million,raw value / 1000,03_RAW_DATA!E15,workbook formula,
depreciation_amortization,2025,254.424318,SAR million,raw value / 1000,03_RAW_DATA!E16,workbook source,
impairment,2025,30.210394,SAR million,raw value / 1000,03_RAW_DATA!E17,workbook source,
ebit,2025,2029.9472279999993,SAR million,raw value / 1000,03_RAW_DATA!E18,workbook formula,
finance_cost,2025,105.799381,SAR million,raw value / 1000,03_RAW_DATA!E19,workbook source,
murabaha_income,2025,134.684755,SAR million,raw value / 1000,03_RAW_DATA!E20,workbook source,
zakat,2025,45.710979,SAR million,raw value / 1000,03_RAW_DATA!E26,workbook source,
net_income,2025,2090.3248929999995,SAR million,raw value / 1000,03_RAW_DATA!E27,workbook formula,
cash_equivalents,2025,1836.371678,SAR million,raw value / 1000,03_RAW_DATA!E35,workbook source,
murabaha_deposits,2025,2306.0,SAR million,raw value / 1000,03_RAW_DATA!E36,workbook source,
net_receivables,2025,3606.5037829999997,SAR million,raw value / 1000,03_RAW_DATA!E37,workbook source,
net_contract_assets,2025,1173.1973249999999,SAR million,raw value / 1000,03_RAW_DATA!E38,workbook source,
current_assets,2025,9801.540530999999,SAR million,raw value / 1000,03_RAW_DATA!E44,workbook formula,
total_assets,2025,11886.988871,SAR million,raw value / 1000,03_RAW_DATA!E55,workbook formula,
payables_and_other_current_liabilities,2025,3481.748449,SAR million,raw value / 1000,03_RAW_DATA!E57,workbook source,
current_borrowing,2025,453.408021,SAR million,raw value / 1000,03_RAW_DATA!E58,workbook source,
contract_liabilities,2025,1407.441418,SAR million,raw value / 1000,03_RAW_DATA!E59,workbook source,
current_lease,2025,109.730213,SAR million,raw value / 1000,03_RAW_DATA!E61,workbook source,
current_liabilities,2025,5605.589021,SAR million,raw value / 1000,03_RAW_DATA!E64,workbook formula,
noncurrent_borrowing,2025,1520.0,SAR million,raw value / 1000,03_RAW_DATA!E65,workbook source,
noncurrent_lease,2025,543.749068,SAR million,raw value / 1000,03_RAW_DATA!E66,workbook source,
total_liabilities,2025,8265.680021,SAR million,raw value / 1000,03_RAW_DATA!E70,workbook formula,
total_equity,2025,3621.30885,SAR million,raw value / 1000,03_RAW_DATA!E79,workbook formula,
cfo,2025,2662.7432059999996,SAR million,raw value / 1000,03_RAW_DATA!E86,workbook source,
cfi,2025,-4231.913025000001,SAR million,raw value / 1000,03_RAW_DATA!E87,workbook source,
cff,2025,1154.742212,SAR million,raw value / 1000,03_RAW_DATA!E88,workbook source,
gross_margin,2025,0.3885469504027321,ratio,gross_profit / revenue,"03_RAW_DATA!E10, 03_RAW_DATA!E8",calculated,
ebit_margin,2025,0.21447140990869476,ratio,ebit / revenue,"03_RAW_DATA!E18, 03_RAW_DATA!E8",calculated,
net_margin,2025,0.22085053285382822,ratio,net_income / revenue,"03_RAW_DATA!E27, 03_RAW_DATA!E8",calculated,
cfo_net_income,2025,1.2738417912530693,ratio,cfo / net_income,"03_RAW_DATA!E86, 03_RAW_DATA!E27",calculated,
current_ratio,2025,1.748529992884043,times,current_assets / current_liabilities,"03_RAW_DATA!E44, 03_RAW_DATA!E64",calculated,
quick_ratio_workbook,2025,1.5392393508828375,times,(CA - contract assets)/CL,"03_RAW_DATA!E44, 03_RAW_DATA!E38, 03_RAW_DATA!E64",calculated,
cash_ratio_strict,2025,0.3275965596336928,times,cash equivalents / CL,"03_RAW_DATA!E35, 03_RAW_DATA!E64",calculated,
cash_deposits_ratio,2025,0.7389717052894164,times,(cash equivalents + murabaha)/CL,"03_RAW_DATA!E35, 03_RAW_DATA!E36, 03_RAW_DATA!E64",calculated,"Includes full balance-sheet murabaha deposits. Analytical definition only, not confirmed immediately available funds, distributable surplus, or a covenant measure. Deposit maturities/restrictions and operating cash needs not fully reviewed."
bank_borrowing_equity,2025,0.5449433071691745,times,borrowing / equity,"03_RAW_DATA!E58, 03_RAW_DATA!E65, 03_RAW_DATA!E79",calculated,
borrowing_lease_equity,2025,0.7253972005177078,times,(borrowing+lease)/equity,"03_RAW_DATA!E58, 03_RAW_DATA!E65, 03_RAW_DATA!E61, 03_RAW_DATA!E66, 03_RAW_DATA!E79",calculated,
liabilities_assets,2025,0.6953552418279202,ratio,total liabilities / assets,"03_RAW_DATA!E70, 03_RAW_DATA!E55",calculated,
interest_cover,2025,19.18675902272055,times,EBIT / finance costs,"03_RAW_DATA!E18, 03_RAW_DATA!E19",calculated,
dso_closing_net_total_sales,2025,139.07975453098024,days,365 * closing net AR / annual total revenue,"03_RAW_DATA!E37, 03_RAW_DATA!E8",calculated,
contract_asset_days_closing,2025,45.24270756252321,days,365 * net contract assets / annual total revenue,"03_RAW_DATA!E38, 03_RAW_DATA!E8",calculated,
ar_contract_days_closing,2025,184.32246209350345,days,365 * (net AR + net contract assets) / annual total revenue,"03_RAW_DATA!E37, 03_RAW_DATA!E38, 03_RAW_DATA!E8",calculated,
dpo_broad_invalid,2025,219.58961580382868,days,365 * closing broad payables / COGS,"03_RAW_DATA!E57, 03_RAW_DATA!E9",calculated,
roe_closing,2025,0.5772291123415225,ratio,NI / closing equity,"03_RAW_DATA!E27, 03_RAW_DATA!E79",calculated,
roa_closing,2025,0.17584982333916746,ratio,NI / closing assets,"03_RAW_DATA!E27, 03_RAW_DATA!E55",calculated,
cash_deposits,2025,4142.3716779999995,SAR million,cash+murabaha,"03_RAW_DATA!E35, 03_RAW_DATA!E36",calculated,"Includes full balance-sheet murabaha deposits. Analytical definition only, not confirmed immediately available funds, distributable surplus, or a covenant measure. Deposit maturities/restrictions and operating cash needs not fully reviewed."
net_cash_exleases,2025,2168.9636569999993,SAR million,cash+murabaha-borrowing,"03_RAW_DATA!E35, 03_RAW_DATA!E36, 03_RAW_DATA!E58, 03_RAW_DATA!E65",calculated,"Includes full balance-sheet murabaha deposits. Analytical definition only, not confirmed immediately available funds, distributable surplus, or a covenant measure. Deposit maturities/restrictions and operating cash needs not fully reviewed."
net_cash_incleases,2025,1515.4843759999994,SAR million,cash+murabaha-borrowing-leases,"03_RAW_DATA!E35, 03_RAW_DATA!E36, 03_RAW_DATA!E58, 03_RAW_DATA!E65, 03_RAW_DATA!E61, 03_RAW_DATA!E66",calculated,"Includes full balance-sheet murabaha deposits. Analytical definition only, not confirmed immediately available funds, distributable surplus, or a covenant measure. Deposit maturities/restrictions and operating cash needs not fully reviewed."
net_working_capital,2025,4195.951509999999,SAR million,CA-CL,"03_RAW_DATA!E44, 03_RAW_DATA!E64",calculated,
revenue_1day,2025,25.931191747945206,SAR million,revenue/365,03_RAW_DATA!E8,calculated,
revenue_growth,2025,0.2778652240494579,ratio,current / prior - 1,"03_RAW_DATA!D8, 03_RAW_DATA!E8",calculated,
cogs_growth,2025,0.3226065406306724,ratio,current / prior - 1,"03_RAW_DATA!D9, 03_RAW_DATA!E9",calculated,
gross_profit_growth,2025,0.2132763891492595,ratio,current / prior - 1,"03_RAW_DATA!D10, 03_RAW_DATA!E10",calculated,
opex_ex_DA_impairment_growth,2025,0.22739537235389662,ratio,current / prior - 1,"03_RAW_DATA!D15, 03_RAW_DATA!E15",calculated,
depreciation_amortization_growth,2025,0.2795520639953064,ratio,current / prior - 1,"03_RAW_DATA!D16, 03_RAW_DATA!E16",calculated,
impairment_growth,2025,0.41543926584404534,ratio,current / prior - 1,"03_RAW_DATA!D17, 03_RAW_DATA!E17",calculated,
ebit_growth,2025,0.19376890488057508,ratio,current / prior - 1,"03_RAW_DATA!D18, 03_RAW_DATA!E18",calculated,
finance_cost_growth,2025,2.719141351399045,ratio,current / prior - 1,"03_RAW_DATA!D19, 03_RAW_DATA!E19",calculated,
murabaha_income_growth,2025,-0.07417658964515861,ratio,current / prior - 1,"03_RAW_DATA!D20, 03_RAW_DATA!E20",calculated,
zakat_growth,2025,-0.6401274606436909,ratio,current / prior - 1,"03_RAW_DATA!D26, 03_RAW_DATA!E26",calculated,
net_income_growth,2025,0.1442245646615936,ratio,current / prior - 1,"03_RAW_DATA!D27, 03_RAW_DATA!E27",calculated,
cash_equivalents_growth,2025,-0.18412387613890824,ratio,current / prior - 1,"03_RAW_DATA!D35, 03_RAW_DATA!E35",calculated,
murabaha_deposits_growth,2025,0.6170302881132848,ratio,current / prior - 1,"03_RAW_DATA!D36, 03_RAW_DATA!E36",calculated,
net_receivables_growth,2025,0.2456740157097761,ratio,current / prior - 1,"03_RAW_DATA!D37, 03_RAW_DATA!E37",calculated,
net_contract_assets_growth,2025,0.8283565431117941,ratio,current / prior - 1,"03_RAW_DATA!D38, 03_RAW_DATA!E38",calculated,
current_assets_growth,2025,0.22114700875868776,ratio,current / prior - 1,"03_RAW_DATA!D44, 03_RAW_DATA!E44",calculated,
total_assets_growth,2025,0.2441825860657063,ratio,current / prior - 1,"03_RAW_DATA!D55, 03_RAW_DATA!E55",calculated,
payables_and_other_current_liabilities_growth,2025,0.4041686159366191,ratio,current / prior - 1,"03_RAW_DATA!D57, 03_RAW_DATA!E57",calculated,
contract_liabilities_growth,2025,1.3080138453469448,ratio,current / prior - 1,"03_RAW_DATA!D59, 03_RAW_DATA!E59",calculated,
current_lease_growth,2025,0.2909162997401362,ratio,current / prior - 1,"03_RAW_DATA!D61, 03_RAW_DATA!E61",calculated,
current_liabilities_growth,2025,0.6523179901184408,ratio,current / prior - 1,"03_RAW_DATA!D64, 03_RAW_DATA!E64",calculated,
noncurrent_lease_growth,2025,0.1304247027960237,ratio,current / prior - 1,"03_RAW_DATA!D66, 03_RAW_DATA!E66",calculated,
total_liabilities_growth,2025,0.9399318714191685,ratio,current / prior - 1,"03_RAW_DATA!D70, 03_RAW_DATA!E70",calculated,
total_equity_growth,2025,-0.31586230073675314,ratio,current / prior - 1,"03_RAW_DATA!D79, 03_RAW_DATA!E79",calculated,
cfo_growth,2025,0.6047012368232212,ratio,current / prior - 1,"03_RAW_DATA!D86, 03_RAW_DATA!E86",calculated,
cfi_growth,2025,-5.680884385316581,ratio,current / prior - 1,"03_RAW_DATA!D87, 03_RAW_DATA!E87",calculated,
cff_growth,2025,-2.6566855434686154,ratio,current / prior - 1,"03_RAW_DATA!D88, 03_RAW_DATA!E88",calculated,
roe_average,2025,0.4689690124956559,ratio,"NI / mean(opening,closing equity)","03_RAW_DATA!E27, 03_RAW_DATA!E79, 03_RAW_DATA!D79",calculated,Acquisition timing and equity distributions distort simple annual mean
roa_average,2025,0.1949835002907532,ratio,"NI / mean(opening,closing assets)","03_RAW_DATA!E27, 03_RAW_DATA!E55, 03_RAW_DATA!D55",calculated,
dso_average_net_total_sales,2025,125.36497788450464,days,"365 * mean(opening,closing net AR) / revenue","03_RAW_DATA!E37, 03_RAW_DATA!E8, 03_RAW_DATA!D37",calculated,total not credit revenue; net not gross AR; FY25 acquired AR not timing-adjusted
