scenario,value,unit,formula,inputs,assumption,effect,classification
collection_5_days,129.65595873972603,SAR million,FY25 revenue / 365 * 5,03_RAW_DATA!E8,5 days earlier collection; revenue level and same-scope receivables held constant,one-time cash timing; no new revenue or guaranteed profit,"hypothetical sensitivity, not established saving/loss"
collection_10_days,259.31191747945206,SAR million,FY25 revenue / 365 * 10,03_RAW_DATA!E8,10 days earlier collection; revenue level and same-scope receivables held constant,one-time cash timing; no new revenue or guaranteed profit,"hypothetical sensitivity, not established saving/loss"
collection_15_days,388.9678762191781,SAR million,FY25 revenue / 365 * 15,03_RAW_DATA!E8,15 days earlier collection; revenue level and same-scope receivables held constant,one-time cash timing; no new revenue or guaranteed profit,"hypothetical sensitivity, not established saving/loss"
closing_net_dso_target_120,494.76077324657535,SAR million,FY25 net AR - FY25 revenue * 120/365,"03_RAW_DATA!E37,E8","Closing net DSO proxy target 120, achievable scope not established",one-time conditional cash release,"hypothetical sensitivity, not established saving/loss"
closing_net_dso_target_90,1272.6965256849312,SAR million,FY25 net AR - FY25 revenue * 90/365,"03_RAW_DATA!E37,E8","Closing net DSO proxy target 90, achievable scope not established",one-time conditional cash release,"hypothetical sensitivity, not established saving/loss"
contract_asset_10pct,117.31973249999999,SAR million,FY25 net contract assets * 10%,03_RAW_DATA!E38,10% accelerated billing followed by actual collection,one-time conditional cash release; may overlap DSO scenario,"hypothetical sensitivity, not established saving/loss"
gross_margin_plus_0.5pp,47.32442494,SAR million,FY25 revenue * margin improvement,03_RAW_DATA!E8,"0.5 percentage-point margin increase with sales, opex and volume constant","annualized gross profit sensitivity, before implementation costs and zakat","hypothetical sensitivity, not established saving/loss"
gross_margin_plus_1pp,94.64884988,SAR million,FY25 revenue * margin improvement,03_RAW_DATA!E8,"1 percentage-point margin increase with sales, opex and volume constant","annualized gross profit sensitivity, before implementation costs and zakat","hypothetical sensitivity, not established saving/loss"
GA_3pct,22.45558716,SAR million,FY25 G&A * 3%,03_RAW_DATA!E14,"3% avoidable G&A, service capacity unchanged",annual cost sensitivity; not verified avoidable spend,"hypothetical sensitivity, not established saving/loss"
borrowing_cost_50bp,9.867040105,SAR million,closing borrowing * 0.5%,"03_RAW_DATA!E58,E65","whole closing debt repriced for a year, fees/rate resets and deposits unchanged",annual finance-cost sensitivity; must net foregone deposit income if repaying,"hypothetical sensitivity, not established saving/loss"
cash_conversion_back_to_2024,764.0868606465326,SAR million,FY25 CFO - FY25 NI * FY24 CFO/NI,"03_RAW_DATA!D86,D27,E86,E27",FY25 cash conversion falls to FY24 ratio with NI unchanged,"downside liquidity stress, not forecast or loss","hypothetical sensitivity, not established saving/loss"
zakat_reversal_removed,2021.3248929999995,SAR million,FY25 NI - 69,03_RAW_DATA!E27; 09_EXEC_RECOMMENDATION!A10,"Workbook narrative approximate SAR69m reversal, subject to exact note33 confirmation","illustrative normalized income, no cash savings","hypothetical sensitivity, not established saving/loss"
